INSERT INTO public.users (id, display_name, is_admin) VALUES
('e5d596da-ee1f-490b-a302-3d2bb43e426f', 'Ondřej Kadlec', true),
('4eaedf70-3380-4dc6-839a-b2a9ef1fd3c5', 'franta', false);

INSERT INTO public.spaces (created_by, created_at) VALUES
('e5d596da-ee1f-490b-a302-3d2bb43e426f', '2025-05-12 00:47:56.92+02'),
('e5d596da-ee1f-490b-a302-3d2bb43e426f', '2025-05-12 00:47:56.92+02'),
('e5d596da-ee1f-490b-a302-3d2bb43e426f', '2025-05-12 00:47:56.92+02'),
('e5d596da-ee1f-490b-a302-3d2bb43e426f', '2025-05-12 00:47:56.92+02'),
('e5d596da-ee1f-490b-a302-3d2bb43e426f', '2025-05-12 00:47:56.92+02'),
('e5d596da-ee1f-490b-a302-3d2bb43e426f', '2025-05-12 00:50:33.08+02'),
('e5d596da-ee1f-490b-a302-3d2bb43e426f', '2025-05-12 00:50:33.08+02'),
('e5d596da-ee1f-490b-a302-3d2bb43e426f', '2025-05-12 00:57:05.6+02'),
('e5d596da-ee1f-490b-a302-3d2bb43e426f', '2025-05-12 00:57:05.6+02');

INSERT INTO public.reservations (id, state_id, space_number, type_id, begins_at, ends_at, created_at, user_id, comment) VALUES
('0370c1ff-a13e-4430-99ae-75cd3502688a', 2, 9, 2, '2026-01-01 01:00:00+01', '2026-01-01 13:00:00+01', '2025-05-12 01:23:19.89+02', 'e5d596da-ee1f-490b-a302-3d2bb43e426f', 'Návštěva'),
('1b5e6ff7-848f-46d1-b611-de45a197be71', 2, 5, 1, '2026-01-01 01:00:00+01', '2026-01-01 11:00:00+01', '2025-05-12 12:48:35.65+02', '4eaedf70-3380-4dc6-839a-b2a9ef1fd3c5', NULL),
('446b2e1c-4796-42d6-99ce-73fa4fa726d9', 3, 9, 1, '2026-01-01 01:00:00+01', '2026-01-01 11:00:00+01', '2025-05-12 12:52:07.98+02', '4eaedf70-3380-4dc6-839a-b2a9ef1fd3c5', NULL),
('4eaf75be-4cda-4591-94ab-f22d09c81d20', 1, 1, 1, '2026-01-01 01:00:00+01', '2026-01-01 13:00:00+01', '2025-05-12 01:20:34.22+02', '4eaedf70-3380-4dc6-839a-b2a9ef1fd3c5', NULL),
('71a15bb3-9337-490f-82e3-aaca69c0a688', 2, 3, 1, '2026-01-01 01:00:00+01', '2026-01-01 11:00:00+01', '2025-05-12 12:48:24.04+02', '4eaedf70-3380-4dc6-839a-b2a9ef1fd3c5', NULL),
('7417ed7a-3d52-4285-8797-c2182de90144', 3, 4, 1, '2026-01-01 01:00:00+01', '2026-01-01 11:00:00+01', '2025-05-12 12:48:34.62+02', '4eaedf70-3380-4dc6-839a-b2a9ef1fd3c5', NULL),
('9e9e41ee-14a2-44d0-aa43-51498039f53f', 1, 1, 1, '2026-01-01 01:00:00+01', '2026-01-01 11:00:00+01', '2025-05-12 12:51:56.97+02', '4eaedf70-3380-4dc6-839a-b2a9ef1fd3c5', NULL),
('a19854d1-f01f-4163-b886-9edaa49b3dad', 2, 7, 1, '2026-01-01 01:00:00+01', '2026-01-01 11:00:00+01', '2025-05-12 12:48:36.82+02', '4eaedf70-3380-4dc6-839a-b2a9ef1fd3c5', NULL),
('a3b37cd0-ae6a-4f6f-9e1f-b0cfb34c899e', 3, 2, 1, '2026-01-01 01:00:00+01', '2026-01-01 11:00:00+01', '2025-05-12 12:52:03.29+02', 'e5d596da-ee1f-490b-a302-3d2bb43e426f', NULL),
('af6d3d82-5ed4-4c8e-8f83-ef8ea4e09709', 1, 8, 1, '2026-01-01 01:00:00+01', '2026-01-01 11:00:00+01', '2025-05-12 12:48:37.28+02', 'e5d596da-ee1f-490b-a302-3d2bb43e426f', NULL),
('c7d3d211-2259-45b7-85b7-5db403f44e9e', 2, 2, 1, '2026-01-01 01:00:00+01', '2026-01-01 01:30:00+01', '2025-05-12 11:18:05.97+02', 'e5d596da-ee1f-490b-a302-3d2bb43e426f', NULL),
('c946403f-84ef-407a-b898-7da4ec2e10df', 3, 6, 1, '2026-01-01 01:00:00+01', '2026-01-01 11:00:00+01', '2025-05-12 12:48:36.23+02', 'e5d596da-ee1f-490b-a302-3d2bb43e426f', NULL),
('cc294a84-fc4f-4d1b-8d83-dd36390cae4e', 2, 8, 2, '2027-01-01 01:00:00+01', '2027-01-01 11:00:00+01', '2025-05-12 12:57:41.25+02', 'e5d596da-ee1f-490b-a302-3d2bb43e426f', 'Návštěva'),
('fef893ce-57f5-47d9-9dc4-4b7faf0fb612', 2, 8, 2, '2026-01-01 01:00:00+01', '2026-01-01 11:00:00+01', '2025-05-12 13:06:02.82+02', 'e5d596da-ee1f-490b-a302-3d2bb43e426f', 'Návštěva');


